start_time,end_time,value
1713826799,1713826800,3.62
1713826800,1732406400,13.17
1732406400,1731974400,6.97
1731974400,1732320000,3.4
1732320000,1732233600,-0.25
1732233600,1732147200,-1.85
1732147200,1732060800,1.19
1732060800,1731456000,5.95
1731456000,1731801600,5.08
1731801600,1731628800,6.45
1731628800,1731715200,4.65
1731715200,1731542400,7.51
1731542400,1731369600,7.25
1731369600,1731888000,5.81
1731888000,1724540400,14.59
1724540400,1730851200,8.16
1730851200,1731024000,4.35
1731024000,1731283200,7.62
1731283200,1731196800,9.01
1731196800,1731110400,7.79
1731110400,1730937600,7.36
1730937600,1730764800,6.4
1730764800,1724281200,16.25
1724281200,1730419200,9.33
1730419200,1730246400,11.5
1730246400,1730678400,7.18
1730678400,1730505600,9.95
1730505600,1730160000,11.73
1730160000,1724367600,17.95
1724367600,1724454000,20.8
1724454000,1730332800,9.51
1730332800,1730592000,8.67
1730592000,1729897200,15.3
1729897200,1729983600,12.52
1729983600,1729551600,10.61
1729551600,1729724400,10.52
1729724400,1729810800,14.34
1729810800,1729638000,9.59
1729638000,1730073600,12.96
1730073600,1729119600,16.39
1729119600,1728946800,12.52
1728946800,1724108400,17.34
1724108400,1729206000,14.31
1729206000,1729378800,14.18
1729378800,1729292400,12.82
1729292400,1724626800,14.94
1724626800,1729465200,15.13
1729465200,1724194800,14.54
1724194800,1729033200,16.73
1729033200,1728687600,8.74
1728687600,1728428400,13.18
1728428400,1728601200,7.7
1728601200,1728774000,7.65
1728774000,1728860400,9
1728860400,1728342000,14.64
1728342000,1728514800,10.51
1728514800,1723590000,18.79
1723590000,1728082800,8.08
1728082800,1727823600,11.02
1727823600,1727737200,11.45
1727737200,1727996400,8.25
1727996400,1728169200,10.72
1728169200,1728255600,15.34
1728255600,1727910000,9
1727910000,1727305200,14.22
1727305200,1727391600,11.43
1727391600,1727564400,8.04
1727564400,1727218800,13.07
1727218800,1727478000,8.49
1727478000,1724022000,15.73
1724022000,1727650800,12.09
1727650800,1727132400,13.14
1727132400,1723849200,18.16
1723849200,1726873200,17.15
1726873200,1726700400,17
1726700400,1723935600,17.29
1723935600,1726959600,16.72
1726959600,1726614000,15.76
1726614000,1726527600,14.2
1726527600,1727046000,14.83
1727046000,1726786800,15.95
1726786800,1726268400,8.87
1726268400,1726182000,8.43
1726182000,1725922800,13.35
1725922800,1726441200,13.36
1726441200,1726009200,11.09
1726009200,1726095600,7.64
1726095600,1726354800,10.44
1726354800,1725836400,14.53
1725836400,1725490800,18.42
1725490800,1725404400,16.59
1725404400,1725663600,19.61
1725663600,1725577200,15.64
1725577200,1725318000,19.26
1725318000,1725750000,16.11
1725750000,1725058800,19.76
1725058800,1724799600,21.2
1724799600,1724972400,17.28
1724972400,1724886000,21.24
1724886000,1700611200,3.81
1700611200,1725145200,24.08
1725145200,1724713200,17.44
1724713200,1725231600,20.34
1725231600,1723762800,19.22
1723762800,1723676400,19.46
1723676400,1723503600,24.9
1723503600,1722985200,17.24
1722985200,1723158000,19.93
1723158000,1723417200,25.7
1723417200,1722898800,20.92
1722898800,1723244400,18.51
1723244400,1723330800,21.1
1723330800,1723071600,17.89
1723071600,1722639600,17.59
1722639600,1722380400,21.79
1722380400,1722294000,23.72
1722294000,1722466800,20.12
1722466800,1722553200,19.76
1722553200,1713999600,5.12
1713999600,1722812400,19.41
1722812400,1722726000,17.79
1722726000,1721775600,16.58
1721775600,1721948400,18.49
1721948400,1722207600,19.96
1722207600,1721689200,17.24
1721689200,1714258800,11.46
1714258800,1722121200,16.81
1722121200,1721862000,18.4
1721862000,1722034800,16.24
1722034800,1721257200,20.87
1721257200,1714086000,8.91
1714086000,1721084400,16.15
1721084400,1721602800,17.61
1721602800,1721516400,20.09
1721516400,1721170800,17.77
1721170800,1721343600,22.39
1721343600,1721430000,23.35
1721430000,1713913200,4.04
1713913200,1720566000,19.13
1720566000,1720911600,16.11
1720911600,1720825200,13.73
1720825200,1720479600,21.29
1720479600,1714172400,11.55
1714172400,1720738800,13.42
1720738800,1720652400,17.99
1720652400,1720998000,18.68
1720998000,1719961200,12.02
1719961200,1720393200,16.38
1720393200,1719874800,13.26
1719874800,1714345200,12.25
1714345200,1720306800,13.65
1720306800,1720220400,15.73
1720220400,1720047600,15.23
1720047600,1720134000,15.54
1720134000,1719270000,21.63
1719270000,1719615600,17.32
1719615600,1719702000,16.3
1719702000,1719788400,14.05
1719788400,1719529200,16.81
1719529200,1719356400,22.38
1719356400,1719442800,21.69
1719442800,1719010800,13.74
1719010800,1719097200,17.36
1719097200,1713222000,5.53
1713222000,1719183600,19.63
1719183600,1718751600,15.52
1718751600,1718924400,14.34
1718924400,1718838000,15.44
1718838000,1718665200,17.13
1718665200,1718146800,9.44
1718146800,1718578800,15.83
1718578800,1718233200,13.03
1718233200,1700784000,4.66
1700784000,1718492400,13.29
1718492400,1713654000,3.7
1713654000,1718060400,9.84
1718060400,1718319600,14.61
1718319600,1718406000,13.13
1718406000,1717542000,12.69
1717542000,1713567600,4.97
1713567600,1717801200,14.19
1717801200,1717714800,13.83
1717714800,1717628400,12.65
1717628400,1717455600,14.87
1717455600,1717887600,13.69
1717887600,1717974000,9.61
1717974000,1717023600,11.9
1717023600,1717110000,12.37
1717110000,1717196400,13
1717196400,1717282800,12.25
1717282800,1716937200,13.42
1716937200,1713740400,2.56
1713740400,1713481200,6.06
1713481200,1716850800,11.92
1716850800,1717369200,11.16
1717369200,1716678000,14.92
1716678000,1716591600,14.3
1716591600,1716505200,12.58
1716505200,1716764400,12.06
1716764400,1716418800,13.95
1716418800,1716332400,12.79
1716332400,1716246000,13.02
1716246000,1713308400,3.81
1713308400,1715900400,11.59
1715900400,1715986800,11.84
1715986800,1715727600,13.45
1715727600,1715641200,17.43
1715641200,1713394800,5.63
1713394800,1716159600,13.92
1716159600,1716073200,13.14
1716073200,1715814000,13.25
1715814000,1715295600,15.18
1715295600,1715554800,16.47
1715554800,1715468400,18.66
1715468400,1715209200,12.75
1715209200,1715036400,11.61
1715036400,1715122800,10.39
1715122800,1715382000,17.32
1715382000,1714604400,12.94
1714604400,1714950000,12.42
1714950000,1714690800,10.15
1714690800,1714431600,15.68
1714431600,1714518000,16.95
1714518000,1714777200,9.69
1714777200,1714863600,11.76
1714863600,1712962800,16.24
1712962800,1712790000,10.8
1712790000,1701043200,2.49
1701043200,1712703600,8.24
1712703600,1712617200,8.92
1712617200,1713135600,6.03
1713135600,1713049200,11.96
1713049200,1712876400,14.23
1712876400,1712185200,11.05
1712185200,1712271600,13.47
1712271600,1712358000,17.9
1712358000,1712444400,15.54
1712444400,1712098800,9.77
1712098800,1712530800,15.2
1712530800,1700524800,7.41
1700524800,1712012400,9.1
1712012400,1711411200,9.59
1711411200,1711926000,8.54
1711926000,1711584000,7.33
1711584000,1711843200,10.14
1711843200,1711497600,6.75
1711497600,1700870400,2.79
1700870400,1711756800,8.73
1711756800,1711670400,8.97
1711670400,1711324800,6.28
1711324800,1710806400,10.92
1710806400,1700697600,7.1
1700697600,1710892800,11.59
1710892800,1711065600,11.31
1711065600,1711152000,4.65
1711152000,1711238400,5.28
1711238400,1700956800,3.37
1700956800,1710979200,9.54
1710979200,1710201600,6.71
1710201600,1710288000,9.68
1710288000,1710547200,7.47
1710547200,1710720000,10.43
1710720000,1710460800,10.75
1710460800,1710633600,8.61
1710633600,1710374400,11.09
1710374400,1709942400,8.7
1709942400,1700006400,8.32
1700006400,1709683200,4.8
1709683200,1710115200,6.54
1710115200,1710028800,8.5
1710028800,1709856000,5.97
1709856000,1709596800,5.56
1709596800,1709769600,5.31
1709769600,1709164800,6.44
1709164800,1708992000,3.56
1708992000,1709510400,6.43
1709510400,1709424000,8.28
1709424000,1709078400,4.19
1709078400,1709337600,7.9
1709337600,1709251200,6.65
1709251200,1700092800,6.07
1700092800,1708646400,4.25
1708646400,1708387200,6.46
1708387200,1708732800,3.54
1708732800,1708473600,6.9
1708473600,1708905600,5.4
1708905600,1700179200,5.56
1700179200,1708819200,5.26
1708819200,1708560000,8.41
1708560000,1700265600,7.03
1700265600,1700438400,8.41
1700438400,1684537200,13.62
1684537200,1707955200,12
1707955200,1707868800,8.99
1707868800,1708128000,7.97
1708128000,1707782400,4.45
1707782400,1708041600,10.99
1708041600,1708214400,6.73
1708214400,1708300800,7.82
1708300800,1707264000,6.87
1707264000,1707609600,6.95
1707609600,1707696000,5.09
1707696000,1707436800,9.99
1707436800,1707523200,8.99
1707523200,1707177600,7.64
1707177600,1707350400,8.25
1707350400,1706659200,5.46
1706659200,1700352000,10.85
1700352000,1706918400,7.75
1706918400,1707091200,7.23
1707091200,1706832000,3.94
1706832000,1706572800,7.88
1706572800,1707004800,8.43
1707004800,1706745600,5.54
1706745600,1704672000,-4.15
1704672000,1705968000,6.84
1705968000,1705017600,-1.63
1705017600,1704499200,2.81
1704499200,1704844800,-4.34
1704844800,1706054400,9.49
1706054400,1699920000,9.73
1699920000,1706140800,7.47
1706140800,1706227200,6.56
1706227200,1705190400,-3.08
1705190400,1704585600,-0.82
1704585600,1706486400,8.33
1706486400,1706313600,2.01
1706313600,1706400000,6.06
1706400000,1704758400,-4.97
1704758400,1699401600,7.92
1699401600,1705104000,-1.32
1705104000,1704412800,6.02
1704412800,1705276800,-0.88
1705276800,1705622400,-2.44
1705622400,1705795200,1.6
1705795200,1705881600,7.76
1705881600,1705708800,-4.15
1705708800,1705449600,-2.01
1705449600,1699747200,5.66
1699747200,1684364400,9.98
1684364400,1705536000,-2.75
1705536000,1705363200,-2.99
1705363200,1699660800,5.42
1699660800,1704931200,-3.98
1704931200,1704153600,8.81
1704153600,1704240000,8.35
1704240000,1684191600,9.09
1684191600,1684278000,9.58
1684278000,1704326400,7.11
1704326400,1703980800,7.29
1703980800,1704067200,6.05
1704067200,1703721600,8.4
1703721600,1703548800,7.45
1703548800,1703635200,7.29
1703635200,1703808000,8.38
1703808000,1703894400,7.51
1703894400,1684710000,14.32
1684710000,1703376000,8.61
1703376000,1703462400,9.37
1703462400,1703116800,8.29
1703116800,1703203200,7.4
1703203200,1703289600,7.64
1703289600,1702944000,3.32
1702944000,1703030400,5.2
1703030400,1702425600,6.93
1702425600,1702598400,5.41
1702598400,1702771200,4.36
1702771200,1699315200,7.49
1699315200,1699574400,6.38
1699574400,1702512000,4.93
1702512000,1702684800,5.21
1702684800,1699488000,7.71
1699488000,1702339200,8.49
1702339200,1702857600,0.68
1702857600,1702080000,7.21
1702080000,1702252800,8.84
1702252800,1702166400,8.44
1702166400,1701907200,2.01
1701907200,1701993600,4.85
1701993600,1701820800,2.68
1701820800,1701734400,4.42
1701734400,1701129600,-0.82
1701129600,1701648000,2.77
1701648000,1701216000,1.16
1701216000,1701302400,2.1
1701302400,1701475200,-2.6
1701475200,1701388800,-1.07
1701388800,1701561600,-1.03
1701561600,1699833600,10.69
1699833600,1698710400,9.67
1698710400,1699228800,8.52
1699228800,1699142400,9.06
1699142400,1698883200,10.09
1698883200,1698969600,7.33
1698969600,1684450800,12.27
1684450800,1698796800,10.99
1698796800,1699056000,8.36
1699056000,1698534000,11.85
1698534000,1698188400,9.58
1698188400,1698274800,8.8
1698274800,1698447600,10.48
1698447600,1698102000,10.09
1698102000,1698361200,10.02
1698361200,1698624000,11.11
1698624000,1697497200,7.99
1697497200,1698015600,9.28
1698015600,1697670000,15.09
1697670000,1684623600,15.17
1684623600,1697929200,10.49
1697929200,1697583600,11.79
1697583600,1697756400,13.56
1697756400,1697842800,12.07
1697842800,1696892400,15.58
1696892400,1696978800,17.18
1696978800,1697238000,10.13
1697238000,1697065200,15.35
1697065200,1697151600,18.06
1697151600,1697410800,5.46
1697410800,1682722800,8.81
1682722800,1697324400,5.9
1697324400,1664146800,9.22
1664146800,1696633200,14.75
1696633200,1696806000,16.23
1696806000,1696287600,15.27
1696287600,1696719600,16.1
1696719600,1696546800,12.27
1696546800,1696374000,11.52
1696374000,1696460400,11.64
1696460400,1663801200,11.48
1663801200,1696028400,13.61
1696028400,1696114800,16.62
1696114800,1695682800,15.43
1695682800,1695942000,16.44
1695942000,1683759600,11.09
1683759600,1695769200,17.12
1695769200,1695855600,17.1
1695855600,1696201200,19.31
1696201200,1695423600,11.08
1695423600,1695596400,15.13
1695596400,1695510000,12.54
1695510000,1695337200,11.55
1695337200,1695078000,14.79
1695078000,1695164400,17.42
1695164400,1695250800,15.55
1695250800,1694473200,18.61
1694473200,1694818800,18.39
1694818800,1694646000,14.88
1694646000,1694559600,16.16
1694559600,1694732400,16.66
1694732400,1694991600,17.58
1694991600,1694905200,19.69
1694905200,1683586800,12.01
1683586800,1683673200,10.79
1683673200,1693868400,22.81
1693868400,1694127600,22.65
1694127600,1694300400,22.92
1694300400,1693954800,22.05
1693954800,1694214000,22.65
1694214000,1694041200,22.03
1694041200,1694386800,22.1
1694386800,1693263600,13.72
1693263600,1693350000,12.32
1693350000,1693522800,16.47
1693522800,1693436400,13.26
1693436400,1693782000,20.01
1693782000,1693609200,18.74
1693609200,1683932400,13.82
1683932400,1693695600,18.01
1693695600,1684018800,12.68
1684018800,1693090800,14.31
1693090800,1684105200,11.38
1684105200,1692658800,19.05
1692658800,1692745200,20.56
1692745200,1692918000,18.71
1692918000,1692831600,18.85
1692831600,1693004400,14.78
1693004400,1693177200,12.89
1693177200,1683846000,12.17
1683846000,1692313200,21.97
1692313200,1692399600,22.52
1692399600,1692054000,20.12
1692054000,1692486000,21.2
1692486000,1692572400,20.35
1692572400,1683241200,13.64
1683241200,1683154800,16.19
1683154800,1692140400,19.26
1692140400,1692226800,18.81
1692226800,1691708400,20.85
1691708400,1691881200,17.51
1691881200,1683500400,14.95
1683500400,1691622000,17.83
1691622000,1691794800,18.89
1691794800,1691535600,16.43
1691535600,1691449200,14.14
1691449200,1691967600,19.07
1691967600,1690930800,17.03
1690930800,1691017200,14.99
1691017200,1691190000,13.51
1691190000,1691362800,13.63
1691362800,1691276400,12.28
1691276400,1690844400,15.66
1690844400,1691103600,14.7
1691103600,1690585200,17.5
1690585200,1690326000,15.17
1690326000,1690412400,15.55
1690412400,1690671600,16.15
1690671600,1690239600,13.6
1690239600,1683068400,10.64
1683068400,1690758000,15.91
1690758000,1690498800,17.83
1690498800,1689980400,15.58
1689980400,1690153200,16.5
1690153200,1689721200,17.05
1689721200,1689634800,18.29
1689634800,1689894000,15.42
1689894000,1690066800,16.48
1690066800,1683327600,14.63
1683327600,1682982000,9.85
1682982000,1689807600,16.66
1689807600,1689375600,19.63
1689375600,1689462000,17.53
1689462000,1689116400,18.06
1689116400,1689289200,20.16
1689289200,1689548400,16.91
1689548400,1689030000,22.69
1689030000,1689202800,16.52
1689202800,1688943600,20.63
1688943600,1688425200,16.16
1688425200,1688598000,15.64
1688598000,1688511600,13.59
1688511600,1688770800,24.6
1688770800,1688857200,23.47
1688857200,1688684400,20.55
1688684400,1683414000,13.89
1683414000,1688252400,15.74
1688252400,1688166000,15.56
1688166000,1687820400,16.57
1687820400,1687993200,18.11
1687993200,1688079600,16.35
1688079600,1687906800,17.83
1687906800,1688338800,15.77
1688338800,1687215600,20.89
1687215600,1687474800,19.04
1687474800,1687388400,17.62
1687388400,1687302000,20.43
1687302000,1687647600,23.04
1687647600,1687734000,17.8
1687734000,1687561200,20.46
1687561200,1686697200,19.62
1686697200,1687042800,20.64
1687042800,1686610800,20.98
1686610800,1686956400,20.13
1686956400,1686870000,19.13
1686870000,1686783600,19.09
1686783600,1687129200,20.32
1687129200,1686006000,17.87
1686006000,1686351600,22.53
1686351600,1682377200,5.38
1682377200,1682550000,9.18
1682550000,1686438000,22.48
1686438000,1686178800,17.35
1686178800,1686524400,22.18
1686524400,1686265200,20.37
1686265200,1686092400,16.97
1686092400,1682463600,5.51
1682463600,1685833200,16.62
1685833200,1685746800,15.6
1685746800,1685487600,17.09
1685487600,1685919600,17.15
1685919600,1685401200,13.34
1685401200,1685574000,16.37
1685574000,1685660400,12.62
1685660400,1684969200,12.03
1684969200,1664060400,11.14
1664060400,1684796400,11.96
1684796400,1685314800,14.21
1685314800,1685142000,14.98
1685142000,1684882800,9.79
1684882800,1685055600,12.23
1685055600,1685228400,16.72
1685228400,1682809200,11.65
1682809200,1682895600,10.95
1682895600,1682636400,13.53
1682636400,1682290800,7.15
1682290800,1663887600,11.97
1663887600,1681858800,9.44
1681858800,1682031600,8.75
1682031600,1681945200,4.88
1681945200,1682118000,10.4
1682118000,1663714800,9.98
1663714800,1681772400,8.95
1681772400,1682204400,10.2
1682204400,1663974000,11.67
1663974000,1681254000,7.07
1681254000,1681340400,6.66
1681340400,1681513200,9.29
1681513200,1681426800,6.98
1681426800,1663628400,10.47
1663628400,1681599600,6.45
1681599600,1681686000,8.31
1681686000,1681167600,8.44
1681167600,1680562800,2.92
1680562800,1680908400,6.93
1680908400,1680822000,7.31
1680822000,1680735600,5.29
1680735600,1680649200,4.14
1680649200,1680994800,8.63
1680994800,1681081200,9.78
1681081200,1679958000,3.01
1679958000,1680130800,11.76
1680130800,1680044400,11.01
1680044400,1680476400,3.86
1680476400,1680390000,4.24
1680390000,1680303600,7.85
1680303600,1680217200,9.54
1680217200,1679443200,9.95
1679443200,1679529600,10.92
1679529600,1679702400,8.08
1679702400,1679788800,5.89
1679788800,1679616000,9.84
1679616000,1679356800,9.73
1679356800,1663455600,10.16
1663455600,1679871600,2.66
1679871600,1678924800,8.06
1678924800,1679097600,10.71
1679097600,1679184000,9.03
1679184000,1678752000,4.59
1678752000,1678838400,3
1678838400,1679270400,6.44
1679270400,1679011200,11.11
1679011200,1678320000,9.19
1678320000,1663282800,10.13
1663282800,1678579200,6.87
1678579200,1678233600,4.71
1678233600,1663369200,9.43
1663369200,1678492800,1.17
1678492800,1678147200,2.42
1678147200,1678406400,4.93
1678406400,1678665600,11.09
1678665600,1677974400,2.21
1677974400,1677888000,1.49
1677888000,1677542400,-1.01
1677542400,1677628800,-0.25
1677628800,1677801600,-1.22
1677801600,1663110000,16.91
1663110000,1678060800,1.83
1678060800,1663196400,13.39
1663196400,1638921600,3.44
1638921600,1677715200,2.13
1677715200,1677369600,-1.17
1677369600,1677196800,4.34
1677196800,1677110400,6.6
1677110400,1663023600,17.94
1663023600,1677283200,1.76
1677283200,1677456000,-0.61
1677456000,1677024000,7.58
1677024000,1676937600,6.36
1676937600,1676592000,10.3
1676592000,1676764800,7.45
1676764800,1676678400,8.21
1676678400,1676332800,6.85
1676332800,1676851200,5.96
1676851200,1676419200,6.5
1676419200,1676505600,6.5
1676505600,1675814400,0.9
1675814400,1675900800,0.06
1675900800,1663542000,10.61
1663542000,1676160000,5.25
1676160000,1675987200,3.11
1675987200,1676246400,6.1
1676246400,1675728000,0.61
1675728000,1676073600,4.08
1676073600,1675468800,6.79
1675468800,1675641600,1.45
1675641600,1675123200,2.52
1675123200,1675382400,7.16
1675382400,1675209600,5.09
1675209600,1675555200,4.46
1675555200,1675296000,6.2
1675296000,1674691200,-0.84
1674691200,1674604800,-2.03
1674604800,1675036800,3.11
1675036800,1674864000,-0.47
1674864000,1662678000,14.6
1662678000,1674950400,-2.17
1674950400,1674777600,1.78
1674777600,1674518400,-0.19
1674518400,1674086400,0.06
1674086400,1674172800,-0.55
1674172800,1674345600,-1.69
1674345600,1674432000,-0.26
1674432000,1673913600,-0.46
1673913600,1674000000,-1.45
1674000000,1674259200,-2.37
1674259200,1673740800,4.23
1673740800,1673654400,7.2
1673654400,1673395200,8.19
1673395200,1673481600,8.47
1673481600,1673308800,4.14
1673308800,1673568000,6.68
1673568000,1662418800,20.91
1662418800,1673827200,2.74
1673827200,1673049600,8.48
1673049600,1662937200,17.63
1662937200,1672790400,9.24
1672790400,1672704000,6.04
1672704000,1672876800,9.29
1672876800,1673222400,4.48
1673222400,1662764400,15.36
1662764400,1672963200,9.08
1672963200,1673136000,7.45
1673136000,1672444800,13.68
1672444800,1672358400,8.3
1672358400,1672185600,7.71
1672185600,1672099200,3.62
1672099200,1672531200,11.56
1672531200,1672617600,8.76
1672617600,1672272000,8.02
1672272000,1671494400,9.97
1671494400,1671753600,9.74
1671753600,1662505200,17.96
1662505200,1672012800,7.16
1672012800,1671580800,8.8
1671580800,1671926400,9.99
1671926400,1671667200,9.06
1671667200,1671840000,8.84
1671840000,1671148800,-5.03
1671148800,1662591600,15.62
1662591600,1671321600,-1.56
1671321600,1671408000,7.91
1671408000,1671062400,-5.14
1671062400,1671235200,-4.54
1671235200,1662850800,16.21
1662850800,1670889600,-3.79
1670889600,1670976000,-3.12
1670976000,1670284800,1.6
1670284800,1670544000,-2
1670544000,1670630400,-2.83
1670630400,1670371200,2.76
1670371200,1670803200,-4.25
1670803200,1670457600,0.89
1670457600,1670716800,-2.64
1670716800,1669852800,4.06
1669852800,1669680000,4.09
1669680000,1670025600,0.89
1670025600,1670198400,0.02
1670198400,1662073200,20.47
1662073200,1670112000,0.22
1670112000,1669939200,1.5
1669939200,1669766400,4.94
1669766400,1669593600,6.67
1669593600,1661986800,19.11
1661986800,1661814000,20.33
1661814000,1669334400,7.28
1669334400,1669075200,5.64
1669075200,1669161600,6.69
1669161600,1669507200,6.12
1669507200,1669248000,7.48
1669248000,1669420800,4.92
1669420800,1668816000,6.28
1668816000,1668902400,5.36
1668902400,1668470400,10.42
1668470400,1668643200,9.17
1668643200,1668556800,9.29
1668556800,1668988800,5.52
1668988800,1668729600,7.43
1668729600,1668124800,8.44
1668124800,1668211200,9.38
1668211200,1667865600,12.4
1667865600,1668384000,5.48
1668384000,1661900400,19
1661900400,1662159600,18.41
1662159600,1668297600,10.19
1668297600,1667952000,10.62
1667952000,1668038400,7.93
1668038400,1667347200,10.69
1667347200,1639008000,1.59
1639008000,1667433600,10.58
1667433600,1667520000,8.01
1667520000,1667260800,12.61
1667260800,1662246000,19.57
1662246000,1667606400,6.55
1667606400,1639094400,1.04
1639094400,1662332400,21.21
1662332400,1667692800,7.93
1667692800,1667779200,11.46
1667779200,1666652400,12.92
1666652400,1666911600,17.93
1666911600,1666825200,17.48
1666825200,1666738800,15.44
1666738800,1666998000,17.53
1666998000,1667174400,14.56
1667174400,1667084400,14.88
1667084400,1666220400,15.11
1666220400,1666566000,14.8
1666566000,1666134000,12.92
1666134000,1666479600,15.91
1666479600,1666047600,14.61
1666047600,1666393200,14.18
1666393200,1666306800,14.75
1666306800,1665874800,15.03
1665874800,1665788400,13.89
1665788400,1661209200,21.35
1661209200,1665615600,11.88
1665615600,1661382000,25.14
1661382000,1661727600,17.89
1661727600,1665529200,9.71
1665529200,1665442800,8.5
1665442800,1665961200,16.5
1665961200,1665702000,13.27
1665702000,1665270000,10.4
1665270000,1664838000,11.45
1664838000,1665356400,11.84
1665356400,1665010800,11.46
1665010800,1665097200,10.35
1665097200,1665183600,9.74
1665183600,1664924400,14.62
1664924400,1664665200,11.6
1664665200,1638835200,3.1
1638835200,1664406000,8.09
1664406000,1639180800,1.65
1639180800,1664578800,12.81
1664578800,1664492400,8.98
1664492400,1664751600,10.62
1664751600,1639353600,6.28
1639353600,1664233200,8.5
1664233200,1664319600,8.39
1664319600,1661295600,24.03
1661295600,1608940800,1.65
1608940800,1661468400,18.22
1661468400,1661641200,17.77
1661641200,1661554800,16.47
1661554800,1660950000,17.44
1660950000,1660690800,19.07
1660690800,1661036400,17.35
1661036400,1660863600,17.46
1660863600,1639267200,4.81
1639267200,1661122800,20.25
1661122800,1660777200,18.45
1660777200,1660604400,21.55
1660604400,1660258800,24.02
1660258800,1660345200,23.58
1660345200,1660086000,23.37
1660086000,1660431600,23.88
1660431600,1660518000,20.75
1660518000,1660172400,24.36
1660172400,1659999600,20.86
1659999600,1659654000,17.73
1659654000,1659826800,17.39
1659826800,1659740400,15.13
1659740400,1659567600,23.69
1659567600,1659913200,18.79
1659913200,1659481200,24.68
1659481200,1659394800,21.33
1659394800,1659308400,19.11
1659308400,1659135600,19.23
1659135600,1658790000,16.83
1658790000,1638403200,1.32
1638403200,1658876400,16.06
1658876400,1659222000,19.78
1659222000,1659049200,19.51
1659049200,1658962800,18.09
1658962800,1658185200,28.83
1658185200,1658530800,19.73
1658530800,1658271600,21.07
1658271600,1658703600,20.95
1658703600,1658444400,18.81
1658444400,1658617200,22.38
1658617200,1658358000,17.78
1658358000,1657839600,15.96
1657839600,1658098800,25.43
1658098800,1658012400,19.47
1658012400,1638576000,2.96
1638576000,1657926000,16.66
1657926000,1657753200,19.69
1657753200,1657666800,23.87
1657666800,1657580400,21.13
1657580400,1657407600,15.28
1657407600,1657148400,14.84
1657148400,1657494000,17.47
1657494000,1657234800,15.74
1657234800,1657321200,16.97
1657321200,1657062000,15.03
1657062000,1656975600,15.98
1656975600,1638230400,4.96
1638230400,1656716400,17.37
1656716400,1656370800,17.11
1656370800,1656630000,14.25
1656630000,1656543600,14.27
1656543600,1638748800,1.42
1638748800,1656889200,16.4
1656889200,1656457200,19.89
1656457200,1656802800,16.52
1656802800,1655938800,21.79
1655938800,1656284400,14.67
1656284400,1638662400,1.79
1638662400,1655852400,18.64
1655852400,1656025200,17.25
1656025200,1656111600,17.31
1656111600,1656198000,15.24
1656198000,1638489600,1.36
1638489600,1655766000,15.09
1655766000,1655679600,13.23
1655679600,1655247600,18.89
1655247600,1638316800,5.86
1638316800,1655420400,21.58
1655420400,1655161200,15.41
1655161200,1655334000,18.46
1655334000,1609113600,1.85
1609113600,1655593200,17.56
1655593200,1655506800,26.02
1655506800,1654815600,16.85
1654815600,1655074800,13.75
1655074800,1654729200,13.75
1654729200,1654988400,16.28
1654988400,1654556400,13.9
1654556400,1654642800,13.22
1654642800,1608681600,10.25
1608681600,1654902000,18.73
1654902000,1654470000,14.73
1654470000,1654297200,19.56
1654297200,1654124400,14.15
1654124400,1653951600,12.42
1653951600,1654038000,11.57
1654038000,1654383600,16.43
1654383600,1654210800,17.42
1654210800,1653519600,14.86
1653519600,1653606000,13.08
1653606000,1653778800,8.44
1653778800,1637798400,0.7
1637798400,1653346800,11.52
1653346800,1653865200,10.18
1653865200,1653692400,10.27
1653692400,1637971200,1.38
1637971200,1653433200,12.86
1653433200,1653087600,13.52
1653087600,1653174000,15.99
1653174000,1653260400,15.37
1653260400,1652914800,20.04
1652914800,1608854400,2.06
1608854400,1652828400,21.61
1652828400,1653001200,16.1
1653001200,1652742000,18.42
1652742000,1652655600,17.79
1652655600,1652137200,17.86
1652137200,1652482800,14.43
1652482800,1652396400,12.72
1652396400,1652569200,19.38
1652569200,1652310000,14.12
1652310000,1652223600,18.54
1652223600,1651705200,10.84
1651705200,1651791600,12.48
1651791600,1651618800,11.24
1651618800,1651964400,12.57
1651964400,1638144000,1.22
1638144000,1651532400,11.54
1651532400,1651878000,12.57
1651878000,1652050800,15.85
1652050800,1651186800,9.34
1651186800,1650927600,7.69
1650927600,1651014000,9.45
1651014000,1651446000,11.15
1651446000,1637625600,2.12
1637625600,1651100400,11.33
1651100400,1638057600,1.25
1638057600,1651273200,7.38
1651273200,1651359600,8.37
1651359600,1650841200,7.67
1650841200,1650754800,11.28
1650754800,1650668400,12.1
1650668400,1650322800,11.25
1650322800,1637884800,2.3
1637884800,1650495600,10.82
1650495600,1637712000,0.99
1637712000,1650409200,10.97
1650409200,1650582000,10.6
1650582000,1649804400,12.89
1649804400,1649977200,10.84
1649977200,1650063600,9.51
1650063600,1649890800,12.72
1649890800,1649718000,13.58
1649718000,1650236400,11.82
1650236400,1650150000,10.44
1650150000,1649113200,7.93
1649113200,1649286000,8.61
1649286000,1649199600,8.22
1649199600,1649545200,4.93
1649545200,1649458800,3.07
1649458800,1649372400,3.17
1649372400,1649631600,9.57
1649631600,1637193600,5.66
1637193600,1648508400,10.22
1648508400,1649026800,2.42
1649026800,1648767600,-0.07
1648767600,1648594800,7.7
1648594800,1637020800,4.17
1637020800,1648940400,1.19
1648940400,1648681200,2.5
1648681200,1648854000,-0.01
1648854000,1648252800,10.33
1648252800,1648166400,8.91
1648166400,1647907200,11.26
1647907200,1648080000,9.88
1648080000,1648422000,11.54
1648422000,1648339200,10.66
1648339200,1647993600,10.43
1647993600,1647388800,7.49
1647388800,1647648000,7.55
1647648000,1647734400,5.29
1647734400,1647475200,6.37
1647475200,1647302400,5.89
1647302400,1647820800,9.9
1647820800,1637452800,4.95
1637452800,1647561600,6.38
1647561600,1637107200,5.49
1637107200,1646697600,3.86
1646697600,1646870400,8.04
1646870400,1637280000,7.53
1637280000,1647043200,9.25
1647043200,1647216000,7.53
1647216000,1646956800,9.52
1646956800,1646784000,6.08
1646784000,1647129600,9.17
1647129600,1637366400,6.66
1637366400,1646092800,4.33
1646092800,1646524800,1.14
1646524800,1646438400,3.58
1646438400,1646265600,5.89
1646265600,1646179200,4.19
1646179200,1646611200,0.07
1646611200,1646352000,4.96
1646352000,1645833600,2.06
1645833600,1645574400,5.76
1645574400,1646006400,4.49
1646006400,1645920000,3.97
1645920000,1645660800,5.19
1645660800,1645488000,5.67
1645488000,1645747200,1.97
1645747200,1645056000,8.33
1645056000,1644883200,5.45
1644883200,1637539200,2.68
1637539200,1645315200,7.48
1645315200,1645142400,7.17
1645142400,1645228800,4.03
1645228800,1644969600,9.59
1644969600,1645401600,4.33
1645401600,1644796800,6.8
1644796800,1644364800,7.36
1644364800,1644624000,1.13
1644624000,1636934400,5.49
1636934400,1644278400,5.72
1644278400,1644451200,3.66
1644451200,1644710400,4.8
1644710400,1608768000,4.07
1608768000,1644537600,1.34
1644537600,1643846400,5.04
1643846400,1644105600,5.62
1644105600,1644019200,2.83
1644019200,1643932800,4.25
1643932800,1643760000,7.03
1643760000,1644192000,2.89
1644192000,1636502400,3.47
1636502400,1643673600,3.89
1643673600,1643587200,2.86
1643587200,1643241600,2.67
1643241600,1643155200,-0.88
1643155200,1636588800,1.88
1636588800,1643328000,2.11
1643328000,1643414400,5.78
1643414400,1643500800,3.41
1643500800,1636675200,4.46
1636675200,1643068800,0.21
1643068800,1642464000,3.56
1642464000,1642982400,1.68
1642982400,1636416000,4.69
1636416000,1642896000,2.34
1642896000,1642809600,2.5
1642809600,1642636800,1.73
1642636800,1642550400,2.06
1642550400,1642723200,1.43
1642723200,1641859200,-0.51
1641859200,1641945600,-0.34
1641945600,1642204800,1.27
1642204800,1642377600,2.62
1642377600,1642032000,0.55
1642032000,1642118400,1.96
1642118400,1642291200,0.25
1642291200,1641686400,2.48
1641686400,1641600000,1.83
1641600000,1641513600,1.08
1641513600,1641254400,4.93
1641254400,1641340800,1.28
1641340800,1641772800,-0.88
1641772800,1641427200,1.58
1641427200,1641081600,9.76
1641081600,1640995200,9.77
1640995200,1641168000,7.83
1641168000,1609027200,2.26
1609027200,1640908800,10.72
1640908800,1640822400,11.99
1640822400,1640736000,8.57
1640736000,1640649600,8.04
1640649600,1640217600,2.01
1640217600,1636848000,7.56
1636848000,1636761600,8.47
1636761600,1640390400,4.54
1640390400,1640044800,-1.12
1640044800,1640563200,7.35
1640563200,1640476800,4.53
1640476800,1640131200,-1.16
1640131200,1640304000,6.33
1640304000,1639440000,5.4
1639440000,1608595200,11.77
1608595200,1639958400,2.65
1639958400,1639612800,6.94
1639612800,1639699200,6.42
1639699200,1639872000,3.7
1639872000,1639526400,6.36
1639526400,1639785600,2.23
1639785600,1636243200,6.95
1636243200,1636329600,5.05
1636329600,1636156800,5.98
1636156800,1635897600,4.81
1635897600,1636070400,7.11
1636070400,1635811200,6.2
1635811200,1635984000,5.23
1635984000,1635724800,8.77
1635724800,1635289200,9.95
1635289200,1635375600,10.22
1635375600,1635202800,10.34
1635202800,1635462000,12.35
1635462000,1635548400,11.25
1635548400,1635634800,11.32
1635634800,1634770800,8.1
1634770800,1635030000,7.65
1635030000,1608076800,7.65
1608076800,1634857200,6.05
1634857200,1634598000,14.48
1634598000,1634684400,14.24
1634684400,1634943600,7.62
1634943600,1635116400,8.46
1635116400,1634166000,8.93
1634166000,1634252400,7.89
1634252400,1633993200,8.31
1633993200,1634079600,6.22
1634079600,1634338800,6.72
1634338800,1634425200,7.09
1634425200,1634511600,10.47
1634511600,1608508800,7.47
1608508800,1633820400,8.82
1633820400,1633388400,10.87
1633388400,1608422400,7.86
1608422400,1608163200,7.74
1608163200,1633474800,9.48
1633474800,1608336000,8.99
1608336000,1607990400,7.62
1607990400,1633734000,10.76
1633734000,1633561200,10.99
1633561200,1633647600,10.35
1633647600,1633906800,9.33
1633906800,1633215600,12.98
1633215600,1633042800,11.65
1633042800,1633129200,13.27
1633129200,1632870000,10.45
1632870000,1632783600,11.26
1632783600,1632956400,9.07
1632956400,1633302000,11.29
1633302000,1632524400,15.32
1632524400,1632438000,14.13
1632438000,1632265200,12.01
1632265200,1632610800,16.04
1632610800,1632697200,13.69
1632697200,1632351600,13.35
1632351600,1632178800,11.73
1632178800,1631660400,16.94
1631660400,1631574000,17.29
1631574000,1631919600,14.87
1631919600,1631746800,13.57
1631746800,1632006000,14.99
1632006000,1632092400,12.81
1632092400,1631833200,13.86
1631833200,1631228400,17.51
1631228400,1631055600,19.63
1631055600,1631401200,14.24
1631401200,1631487600,14.99
1631487600,1630969200,18.85
1630969200,1631314800,15.76
1631314800,1631142000,18.27
1631142000,1630364400,14.96
1630364400,1608249600,7.56
1608249600,1630623600,17.43
1630623600,1630882800,17.87
1630882800,1630710000,17.84
1630710000,1605484800,8.62
1605484800,1630537200,15.1
1630537200,1630796400,18.55
1630796400,1630450800,13.44
1630450800,1629759600,14.99
1629759600,1629846000,14.91
1629846000,1629932400,13.64
1629932400,1630191600,13.15
1630191600,1607904000,7.99
1607904000,1607558400,0.74
1607558400,1630018800,12.99
1630018800,1630105200,13.96
1630105200,1630278000,15.04
1630278000,1629586800,15.61
1629586800,1629414000,16.05
1629414000,1629154800,12.36
1629154800,1607472000,0.39
1607472000,1629500400,17.76
1629500400,1629241200,14.82
1629241200,1629327600,14.71
1629327600,1629673200,15.9
1629673200,1628636400,17.02
1628636400,1628982000,19.02
1628982000,1628895600,18.17
1628895600,1628550000,16.27
1628550000,1628809200,19.12
1628809200,1629068400,13.47
1629068400,1628722800,19.4
1628722800,1627945200,14.86
1627945200,1628031600,15.06
1628031600,1628204400,15.8
1628204400,1628290800,14.86
1628290800,1628463600,15.23
1628463600,1607817600,4.97
1607817600,1628118000,16.89
1628118000,1628377200,14.31
1628377200,1627858800,14.57
1627858800,1607644800,3.27
1607644800,1627513200,15.69
1627513200,1627599600,17.01
1627599600,1627426800,16.88
1627426800,1627772400,13.54
1627772400,1627340400,16.59
1627340400,1627686000,14.86
1627686000,1627167600,17.66
1627167600,1626735600,17.33
1626735600,1607385600,0.76
1607385600,1626822000,18.02
1626822000,1627081200,16.92
1627081200,1626994800,18.89
1626994800,1627254000,16.92
1627254000,1626908400,18.19
1626908400,1626476400,17.7
1626476400,1626303600,15.47
1626303600,1626562800,19.11
1626562800,1626649200,18
1626649200,1607731200,6.31
1607731200,1626390000,14.45
1626390000,1626130800,15.87
1626130800,1626217200,14.87
1626217200,1625698800,15.57
1625698800,1625785200,16.02
1625785200,1625958000,15.88
1625958000,1626044400,17.06
1626044400,1625526000,16.64
1625526000,1625612400,16.31
1625612400,1625871600,16.27
1625871600,1625094000,13.23
1625094000,1625180400,15.94
1625180400,1624921200,15.78
1624921200,1625007600,12.64
1625007600,1606867200,4.33
1606867200,1607040000,3.83
1607040000,1625266800,18.5
1625266800,1625353200,16.58
1625353200,1625439600,15.96
1625439600,1624402800,12.88
1624402800,1624662000,18.11
1624662000,1624748400,18.4
1624748400,1624575600,15.77
1624575600,1624316400,12.23
1624316400,1607299200,1.07
1607299200,1624834800,17.65
1624834800,1624489200,14.49
1624489200,1606953600,3.57
1606953600,1623711600,19.55
1623711600,1624057200,20.77
1624057200,1624143600,19.38
1624143600,1623884400,24.54
1623884400,1623798000,22.34
1623798000,1624230000,16.72
1624230000,1623970800,23.6
1623970800,1606780800,4.9
1606780800,1623279600,18.67
1623279600,1623106800,17.51
1623106800,1607126400,2.14
1607126400,1623193200,18.15
1623193200,1623452400,15.56
1623452400,1623625200,20.44
1623625200,1623366000,19.25
1623366000,1623538800,16.16
1623538800,1607212800,0.7
1607212800,1622588400,19.32
1622588400,1622847600,13.31
1622847600,1623020400,15.69
1623020400,1622674800,19.05
1622674800,1622934000,13.49
1622934000,1622761200,17.24
1622761200,1622502000,16.92
1622502000,1621897200,8.18
1621897200,1622242800,14.05
1622242800,1622156400,12.15
1622156400,1622415600,16.02
1622415600,1622070000,10.12
1622070000,1622329200,14.67
1622329200,1621983600,8.68
1621983600,1621810800,9.5
1621810800,1621292400,9.39
1621292400,1621724400,10.13
1621724400,1621465200,10.25
1621465200,1621378800,8.53
1621378800,1621551600,11.19
1621551600,1621638000,8.81
1621638000,1620860400,9.82
1620860400,1621206000,9.46
1621206000,1621033200,8.77
1621033200,1620687600,11.82
1620687600,1620774000,10.67
1620774000,1621119600,9.32
1621119600,1620946800,10.47
1620946800,1606176000,5.71
1606176000,1620514800,18.75
1620514800,1620428400,10.94
1620428400,1620601200,14.71
1620601200,1620169200,5.94
1620169200,1620082800,8.85
1620082800,1620255600,5.14
1620255600,1620342000,6.51
1620342000,1619650800,6.57
1619650800,1619737200,5.01
1619737200,1619478000,9.79
1619478000,1619823600,6.21
1619823600,1619564400,12.11
1619564400,1619910000,5.81
1619910000,1619996400,7.43
1619996400,1619391600,7.46
1619391600,1618959600,9.51
1618959600,1619046000,6.37
1619046000,1618873200,9.78
1618873200,1619132400,7.49
1619132400,1619218800,8.03
1619218800,1619305200,6.04
1619305200,1618268400,1.71
1618268400,1618614000,5.82
1618614000,1618786800,8.14
1618786800,1606521600,7.64
1606521600,1618527600,3.75
1618527600,1618354800,2.97
1618354800,1618441200,3.11
1618441200,1618700400,7.94
1618700400,1618095600,3.2
1618095600,1617750000,0.58
1617750000,1617836400,2.57
1617836400,1617922800,7.95
1617922800,1618009200,7.78
1618009200,1606694400,-0.66
1606694400,1606262400,5.09
1606262400,1617663600,-0.14
1617663600,1618182000,1.43
1618182000,1617490800,4
1617490800,1617404400,5.25
1617404400,1617145200,16.57
1617145200,1617058800,14.02
1617058800,1617231600,12.99
1617231600,1617318000,5.45
1617318000,1617577200,1.2
1617577200,1616630400,6.61
1616630400,1616889600,8.61
1616889600,1616457600,5.57
1616457600,1606608000,-0.37
1606608000,1616972400,12.23
1616972400,1616716800,8.19
1616716800,1616544000,8.23
1616544000,1616803200,4.87
1616803200,1606348800,5.61
1606348800,1616284800,3.7
1616284800,1616112000,2.78
1616112000,1615852800,3.44
1615852800,1615939200,2.98
1615939200,1616198400,2.52
1616198400,1606435200,4.43
1606435200,1616371200,3.59
1616371200,1616025600,2.79
1616025600,1615680000,3.57
1615680000,1615248000,2.94
1615248000,1615420800,7.31
1615420800,1615766400,4.64
1615766400,1606089600,7.01
1606089600,1615334400,5.68
1615334400,1615593600,5.11
1615593600,1605657600,10.77
1605657600,1605744000,6.77
1605744000,1615507200,5.17
1615507200,1605916800,4.22
1605916800,1614556800,7.24
1614556800,1614816000,5.51
1614816000,1615075200,0.32
1615075200,1614729600,10.51
1614729600,1614643200,9.44
1614643200,1615161600,1.25
1615161600,1614902400,1.23
1614902400,1614988800,0.81
1614988800,1614384000,3.46
1614384000,1614124800,13.07
1614124800,1614297600,5.87
1614297600,1614038400,13.17
1614038400,1614470400,5.36
1614470400,1614211200,12.19
1614211200,1613952000,12.57
1613952000,1613606400,6.93
1613606400,1613865600,11.92
1613865600,1613779200,11.18
1613779200,1613692800,6.96
1613692800,1613433600,7.28
1613433600,1613520000,7.37
1613520000,1613347200,3.11
1613347200,1613088000,-6.11
1613088000,1613001600,-5.87
1613001600,1612915200,-7.77
1612915200,1612828800,-7.02
1612828800,1613174400,-5.03
1613174400,1613260800,-0.57
1613260800,1612742400,-3.16
1612742400,1612656000,1.17
1612656000,1606003200,5.95
1606003200,1612569600,5.54
1612569600,1612310400,8.81
1612310400,1612483200,7.1
1612483200,1612396800,6.48
1612396800,1612224000,7.09
1612224000,1612051200,1.67
1612051200,1612137600,3.72
1612137600,1611792000,7.13
1611792000,1611705600,0.93
1611705600,1611878400,7.42
1611878400,1605571200,9.3
1605571200,1611964800,4.26
1611964800,1611619200,0.35
1611619200,1611273600,2.89
1611273600,1611100800,7.17
1611100800,1611014400,3.09
1611014400,1605830400,2.18
1605830400,1611360000,2.15
1611360000,1611446400,-0.35
1611446400,1611532800,-0.45
1611532800,1611187200,6.71
1611187200,1610668800,-2.14
1610668800,1610755200,-2.47
1610755200,1610496000,1.45
1610496000,1610582400,-0.23
1610582400,1610841600,0.85
1610841600,1610928000,2.41
1610928000,1610409600,3.16
1610409600,1609977600,0.15
1609977600,1610323200,-0.94
1610323200,1605052800,10.1
1605052800,1610064000,-0.17
1610064000,1609804800,0.6
1609804800,1610236800,-0.55
1610236800,1609891200,0.73
1609891200,1610150400,-0.69
1610150400,1609286400,1.9
1609286400,1609200000,1.82
1609200000,1609372800,0.71
1609372800,1609459200,0.34
1609459200,1609545600,-0.55
1609545600,1609718400,0.41
1609718400,1609632000,0.65
1609632000,1605225600,9.82
1605225600,1605398400,11.55
1605398400,1604966400,10.95
1604966400,1605312000,11.83
1605312000,1605139200,9.05
1605139200,1604707200,10.86
1604707200,1604880000,12.57
1604880000,1604448000,4.39
1604448000,1604361600,6.98
1604361600,1604793600,12.16
1604793600,1604620800,6.25
1604620800,1604534400,2.67
1604534400,1604016000,12.19
1604016000,1604275200,14.6
1604275200,1604188800,13.87
1604188800,1603843200,10.23
1603843200,1603756800,8.59
1603756800,1604102400,12.57
1604102400,1603929600,9.67
1603929600,1603670400,8.52
1603670400,1603494000,12.02
1603494000,1603580400,10.51
1603580400,1603234800,14.94
1603234800,1603407600,13.09
1603407600,1603321200,14.84
1603321200,1603148400,11.72
1603148400,1603062000,8.3
1603062000,1602543600,7.93
1602543600,1602889200,6.59
1602889200,1602975600,7
1602975600,1602716400,7.14
1602716400,1602630000,6.68
1602630000,1602802800,7.2
1602802800,1602457200,8.39
1602457200,1602111600,12.83
1602111600,1602025200,10.6
1602025200,1602198000,11.13
1602198000,1602284400,8.58
1602284400,1601938800,10.95
1601938800,1602370800,7.61
1602370800,1601334000,12.97
1601334000,1601506800,11.68
1601506800,1601679600,10.49
1601679600,1601420400,14.56
1601420400,1601852400,10.37
1601852400,1601766000,9.74
1601766000,1601593200,11.48
1601593200,1601247600,9.35
1601247600,1601074800,8.84
1601074800,1600902000,12.69
1600902000,1600815600,16.09
1600815600,1601161200,11.21
1601161200,1600729200,16.26
1600729200,1600988400,8.63
1600988400,1600470000,20.94
1600470000,1600642800,16.46
1600642800,1600210800,21.73
1600210800,1600383600,17.5
1600383600,1600124400,24.81
1600124400,1600297200,15.37
1600297200,1600556400,19.2
1600556400,1599519600,15.99
1599519600,1600038000,22.05
1600038000,1599692400,15.88
1599692400,1599606000,18.14
1599606000,1599951600,17.25
1599951600,1599865200,15.33
1599865200,1599778800,16.38
1599778800,1599346800,12.43
1599346800,1599433200,13.32
1599433200,1598914800,12.77
1598914800,1599260400,14.31
1599260400,1599087600,15.78
1599087600,1599001200,14.19
1599001200,1599174000,18.88
1599174000,1598310000,18
1598310000,1598396400,16.92
1598396400,1598482800,15.69
1598482800,1598742000,13.55
1598742000,1598569200,14.08
1598569200,1598828400,12.59
1598828400,1598655600,13.61
1598655600,1597964400,22.45
1597964400,1597791600,19.38
1597791600,1598137200,15.01
1598137200,1598050800,18.76
1598050800,1597878000,24.3
1597878000,1597705200,16.94
1597705200,1598223600,15.04
1598223600,1597359600,21.14
1597359600,1597446000,20.27
1597446000,1597532400,21.11
1597532400,1597186800,25.28
1597186800,1597273200,23.67
1597273200,1597100400,25.6
1597100400,1597618800,19.24
1597618800,1597014000,25.96
1597014000,1596927600,26.42
1596927600,1596841200,27.34
1596841200,1596582000,19.77
1596582000,1596668400,23.4
1596668400,1596495600,16.43
1596495600,1596754800,25.54
1596754800,1596322800,17.65
1596322800,1596409200,15.48
1596409200,1596236400,23.18
1596236400,1732752000,4.35
1732752000,1732492800,11.37
1732492800,1733011200,3.15
1733011200,1732838400,1.79
1732838400,1732924800,2.63
1732924800,1732665600,7.84
1732665600,1732579200,6.74
1732579200,1733270400,2.04
1733270400,1733184000,4.44
1733184000,1733097600,7.88
1733097600,1733356800,4.19
1733356800,1733443200,5.74
1733443200,1733529600,6.02
1733529600,1733616000,5.23
1733616000,1733702400,3.11
1733702400,1733788800,3.49
1733788800,1733875200,2.37
1733875200,1733961600,-0.14
1733961600,1734048000,-0.54
1734048000,1734134400,0.25
1734134400,1734220800,4.48
1734220800,1734307200,7.65
1734307200,1734393600,5.68
1734393600,1734480000,8.27
1734480000,1734566400,6.68
1734566400,1734652800,2.65
1734652800,1734739200,6.13
1734739200,1734825600,3.59
1734825600,1734912000,3.59
1734912000,1734998400,2.49
1734998400,1735084800,5.56
1735084800,1735171200,3.78
1735171200,1735344000,0.7
1735344000,1735430400,-1.49
1735430400,1735516800,-0.42
1735516800,1735603200,-0.55
1735603200,1735689600,3.45
1735689600,1735776000,0.93
1735776000,1735862400,-0.86
1735862400,1735948800,-0.33
1735948800,1736035200,6.83
1736035200,1736121600,7.61
1736121600,1735257600,1.26
1735257600,1736208000,2.59
1736208000,1736294400,2.09
1736294400,1736380800,0.59
1736380800,1736467200,-1.3
1736467200,1736553600,-1.25
1736553600,1736640000,0.01
1736640000,1736726400,-1.06
1736726400,1736812800,-2.02
1736812800,1736899200,1.39
1736899200,1736985600,1.33
1736985600,1737158400,-2.26
1737158400,1737244800,-2
1737244800,1737072000,-1.54
1737072000,1737331200,-1.42
1737331200,1737417600,1.06
1737417600,1737504000,4.5
1737504000,1737590400,3.49
1737590400,1737676800,6.85
1737676800,1737849600,3.71
1737849600,1737763200,7.64
1737763200,1737936000,8.04
1737936000,1738022400,6.26
1738022400,1738108800,5.8
1738108800,1738195200,4.36
1738195200,1738281600,1.51
1738281600,1738454400,0.83
1738454400,1738368000,0.56
1738368000,1738540800,0.34
1738540800,1738627200,-1
1738627200,1738713600,1.08
1738713600,1738800000,2.11
1738800000,1738886400,2.59
1738886400,1738972800,6.51
1738972800,1739059200,3.73
1739059200,1739232000,2.13
1739232000,1739318400,2.08
1739318400,1739404800,0.43
1739404800,1739491200,-1.12
1739491200,1739577600,-0.13
1739577600,1739664000,-0.62
1739664000,1739750400,-0.84
1739750400,1739836800,-0.46
1739836800,1739923200,2.16
1739923200,1739145600,3.6
1739145600,1740009600,7.69
1740009600,1740096000,12.11
1740096000,1740182400,9.48
1740182400,1740268800,8.55
1740268800,1740355200,9
1740355200,1740441600,6.62
1740441600,1740528000,5.25
1740528000,1740614400,4.03
1740614400,1740700800,3.18
1740700800,1740787200,1.54
1740787200,1740873600,2.96
1740873600,1740960000,4.12
1740960000,1741046400,5.6
1741046400,1741132800,8.09
1741132800,1741219200,10.5
1741219200,1741305600,10.68
1741305600,1741392000,10.53
1741392000,1741478400,11.84
1741478400,1741564800,9.04
1741564800,1741651200,5.81
1741651200,1741737600,2.68
1741737600,1741824000,2.61
1741824000,1741910400,1.77
1741910400,1741996800,2.35
1741996800,1742083200,3.87
1742083200,1742169600,2.92
1742169600,1742256000,4.74
1742256000,1742342400,9.49
1742342400,1742428800,11.09
1742428800,1742515200,13.78
1742515200,1742601600,13.6
1742601600,1742688000,10.68
1742688000,1742774400,9.98
1742774400,1742947200,7
1742947200,1743033600,8.67
1743033600,1743292800,7.31
1743292800,1742860800,8.07
1742860800,1743120000,8.64
1743120000,1743206400,6.86
1743206400,1743375600,7.34
1743375600,1743462000,6.94
1743462000,1743548400,10.53
1743548400,1743634800,13.42
1743634800,1743721200,14.92
1743721200,1743807600,12.81
1743807600,1743894000,8.39
1743894000,1743980400,7.24
1743980400,1744066800,9.93
1744066800,1744153200,8.78
1744153200,1744326000,10.1
1744326000,1744412400,15.05
1744412400,1744498800,11.63
1744498800,1744585200,12.36
1744585200,1745103600,10.61
1745103600,1744844400,6.03
1744844400,1744930800,8.02
1744930800,1744239600,7.01
1744239600,1744671600,12.97
1744671600,1745276400,11.85
1745276400,1745362800,9.17
1745362800,1745449200,8.78
1745449200,1745535600,9.97
1745535600,1745622000,11.41
1745622000,1745708400,14.31
1745708400,1745794800,14.65
1745794800,1745881200,15.94
1745881200,1745967600,18.3
1745967600,1746054000,19.5
1746054000,1746226800,13.94
1746226800,1746313200,8.48
1746313200,1746140400,19.92
1746140400,1746399600,7.67
1746399600,1746486000,9.6
1746486000,1746572400,10.15
1746572400,1746658800,11.36
1746658800,1746745200,12.05
1746745200,1746831600,13.88
1746831600,1746918000,16.84
1746918000,1747004400,14.8
1747004400,1747090800,15.57
1747090800,1745190000,9.93
1745190000,1745017200,10.5
1745017200,1744758000,9.28
1744758000,1747263600,11.56
1747263600,1747177200,16.59
1747177200,1747350000,11.44
1747350000,1747436400,11.82
1747436400,1747522800,8.93
1747522800,1747609200,13.87
1747609200,1747695600,16.17
1747695600,1747782000,13.02
1747782000,1747868400,9.78
1747868400,1747954800,7.91
1747954800,1748041200,9.66
1748041200,1748127600,13.92
1748127600,1748214000,12.55
1748214000,1748386800,14.13
1748386800,1748473200,14.66
1748473200,1748559600,19.39
1748559600,1748646000,20.47
1748646000,1748732400,16.95
1748732400,1748818800,14.92
1748818800,1748300400,13.23
1748300400,1748905200,15.92
1748905200,1748991600,14.3
1748991600,1749078000,13.68
1749078000,1749164400,14.69
1749164400,1749250800,13.66
1749250800,1749337200,11.95
1749337200,1749423600,12.72
1749423600,1749510000,14.98
1749510000,1749596400,16.52
1749596400,1749682800,21.78
1749682800,1749769200,25.09
1749769200,1749855600,22
1749855600,1749942000,16.56
1749942000,1750028400,17.26
1750028400,1750114800,19.46
1750114800,1750201200,20.04
1750201200,1750287600,19.63
1750287600,1750374000,19.98
1750374000,1750546800,23.35
1750546800,1750460400,22.51
1750460400,1750633200,17.16
1750633200,1750719600,17.69
1750719600,1750892400,19.15
1750892400,1750806000,22.44
1750806000,1751065200,20.4
1751065200,1751151600,21.88
1751151600,1750978800,17.92
1750978800,1751238000,24.79
1751238000,1751324400,27.15
1751324400,1751410800,24.82
1751410800,1751497200,17.15
1751497200,1751583600,17.26
1751583600,1751670000,17.37
1751670000,1751756400,14.16
1751756400,1751842800,14.26
1751842800,1751929200,12.91
1751929200,1752015600,16.1
1752015600,1752102000,17.77
1752102000,1752188400,18.2
1752188400,1752361200,18.6
1752361200,1752274800,17.94
1752274800,1752447600,19.69
1752447600,1752534000,16.98
1752534000,1752620400,16.94
1752620400,1752706800,17.8
1752706800,1752793200,21.27
1752793200,1752966000,18.86
1752966000,1753052400,16.36
1753052400,1753138800,15.55
1753138800,1753311600,16.05
1753311600,1753398000,16.94
1753398000,1753484400,18.8
1753484400,1753570800,16.03
1753570800,1752879600,20.48
1752879600,1753225200,16.88
1753225200,1753657200,14.44
1753657200,1753743600,14.84
1753743600,1753830000,15.52
1753830000,1753916400,16.47
1753916400,1754002800,16.67
1754002800,1754089200,13.54
1754089200,1754175600,15.89
1754175600,1754262000,19.61
1754262000,1754434800,15.27
1754434800,1754521200,17.9
1754521200,1754607600,19.53
1754607600,1754694000,19.37
1754694000,1754780400,17.73
1754780400,1754348400,16.65
1754348400,1754866800,20.77
1754866800,1754953200,23.52
1754953200,1755039600,24.47
1755039600,1755126000,24.19
1755126000,1755212400,21.2
1755212400,1755298800,17.93
1755298800,1755385200,16.45
1755385200,1755471600,19.28
1755471600,1755558000,20.51
1755558000,1755644400,16.75
1755644400,1755730800,16.15
